Date	Weather/Temperature	Supervisor	Observation	Inspector
2014/12/02	84 / Rain	Jeff Jiang	"TLC: Crew on site, supervising and overseeing areas to be sand blasted and coated.
Southland Painting: painting crew on site continued to  hydro blast/sand blast wet well areas"	Gregory Mullenski
2014/12/03	84 / Rain	Jeff Jiang	"TLC: Crew on site, crew continued supervising and overseeing areas to be sand blasted and coated.
Southland Painting: painting crew on site continued to  hydro blast/sand blast wet well areas"	Gregory Mullenski
2014/12/04	84 / Rain	Jeff Jiang	"TLC: Crew on site, cleaning and removing construction debris from job site.
Southland Painting: painting crew on site continued to  hydro blast/sand blast wet well areas
Shenandoah: no apparent personnel on site."	Gregory Mullenski
2014/12/05	84 /sunny	Jeff Jiang	"TLC: No apparent personnel on site.
Southland Painting: painting crew on site continued to  hydro blast/sand blast wet well areas
Shenandoah: Crew on Site, cleaning behind painters/ sucking up debris from sand blasting wet well."	Gregory Mullenski
2014/12/08	84 /sunny	Jeff Jiang	"TLC: No apparent personnel on site.
Note* consultant inspector on site, to inspect wet well walls.
Southland Painting: painting crew on site continued to  hydro blast/sand blast wet well areas
Shenandoah: No apparent personnel on site."	Gregory Mullenski
2014/12/09	84 /sunny	Jeff Jiang	"TLC: crew on site ,installing 90 degree elbows in dry well.
Southland Painting: painting crew on site continued to  hydro blast/dry well area.
Shenandoah: No apparent personnel on site."	Gregory Mullenski
2014/12/11	84 /sunny	Jeff Jiang	"TLC: crew on site, and installed Fuel tank for generator.
Southland Painting: painting crew on site continued to prime and paint first floor area. And clean out botton floor debris.
Shenandoah: No apparent personnel on site."	Gregory Mullenski
2014/12/12	84 /sunny	Jeff Jiang	"TLC: No apparent personnel on site.
Southland Painting: painting crew on site continued to prime and paint first floor area. And clean out bottom floor debris.
Shenandoah: No apparent personnel on site."	Gregory Mullenski
2014/12/15	84 /sunny	Jeff Jiang	"TLC: Crew on site, installing rebar for pipe support pedestal.
Southland Painting: painting crew on site continued clean out bottom floor debris.
Gilmore electric: crew on site, installing electrical supply boxes and conduit. “ first floor”"	Gregory Mullenski
2014/12/16	84 /sunny	Jeff Jiang	"TLC: Crew on site, continued installing rebar for pipe support pedestal, and started to prepare forms for concrete.
Note: Nace inspector on site inspecting concrete walls and floor.
Southland Painting: painting crew on site continued clean out bottom floor debris.
Gilmore electric: crew on site, installing electrical supply boxes and conduit. “ first floor”"	Gregory Mullenski
2014/12/17	84 /sunny	Jeff Jiang	"TLC: Crew on site, continued installing rebar for pipe support pedestal, and started to prepare forms for concrete.
Southland Painting: no apparent personnel on site.
Gilmore electric: crew on site,  continued to install electrical supply boxes and conduit. “ first floor”"	Gregory Mullenski
2014/10/27	84	Jeff Jiang	"TLC: Crew on site installing by pass hoses and pumps, crew also prepped for forming concrete slab.
Inspector called for density test for 1:00 p.m.  10/28/14 with Nutting Engineering."	Gregory Mullenski
2014/10/28	84	Jeff Jiang	"TLC: Crew on site installing by pass hoses and pumps, crew also prepped for forming concrete slab. Crew also set up bypass pump “floats” for primary and secondary pumps. Then tested bypass for leaks.
Inspector witnessed  density test at 1:00 p.m.  10/28/14 with Nutting Engineering.
E-2 is now on full bypass.
Inspector also Notified main control that E-2 pumps are  now off and on full bypass."	Gregory Mullenski
2014/10/29	84	Jeff Jiang	"TLC: Crew on site, forming concrete pad for fuel tank storage, and excavate for antenna pad .
Inspector scheduled cylinder test with Nutting Engineering for 2:00 P.M. 10/30/14
."	Gregory Mullenski
2014/10/30	84	Jeff Jiang	"TLC: Crew on site, forming concrete pad for fuel tank storage, pad passed inspection. Crew poured concrete slab and finished off. Crew also poured concrete for antenna base and pad.
Nutting Engineering on site and took cylinder samples.
."	Gregory Mullenski
2014/10/31	84	Jeff Jiang	"TLC: Crew on site, stripped concrete Form boards from around Fuel Storage slab and from around Antenna base slab. Crew also prepped bypass pumps auto dialer and test for weekend.
."	Gregory Mullenski
2014/11/12	84	Jeff Jiang	"TLC: Crew on site, continued the demo and removal of old electrical boxes and wiring on Top Floor.
Painting crew continued to pressure wash and clean areas in wet well."	Gregory Mullenski
2014/11/13	84	Jeff Jiang	"TLC: no apparent personnel on site,
Southland Painting: painting crew on site continued to  hydro blast/sand blast wet well areas"	Gregory Mullenski
2014/11/14	84	Jeff Jiang	"TLC: no apparent personnel on site,
Southland Painting: painting crew on site continued to  hydro blast/sand blast wet well areas"	Gregory Mullenski
2014/11/17	84	Jeff Jiang	"TLC: no apparent personnel on site,
Southland Painting: painting crew on site continued to  hydro blast/sand blast wet well areas"	Gregory Mullenski
2014/11/18	84	Jeff Jiang	"TLC: no apparent personnel on site,
Southland Painting: painting crew on site continued to  hydro blast/sand blast wet well areas"	Gregory Mullenski
2014/11/19	84	Jeff Jiang	"TLC: no apparent personnel on site,
Southland Painting: painting crew on site continued to  hydro blast/sand blast wet well areas"	Gregory Mullenski
2014/11/03	84	Jeff Jiang	"TLC: Crew on site, Plugged lift station main line and set up/ installed bypass floats in manhole. Crew connected by pass hoses and tested bypass to make sure floats were working and adjust accordingly 
Inspector stayed on site to verify bypass pumps cycle."	Gregory Mullenski
2014/11/04	84	Jeff Jiang	"TLC: Crew on site, started to hydroblast wet well and invert area. Clean and prep area for demo.
Crew continued to monitor bypass pumps."	Gregory Mullenski
2014/11/05	84	Jeff Jiang	"TLC: Crew on site, Started to demo areas around suction pipes on top level. 
Crew also continued to pressure wash and clean out wet well area on bottom level."	Gregory Mullenski
2014/11/06	84	Jeff Jiang	"TLC: Crew on site, continued the demo and removal of old suction pumps, valves and pipe. On Top and bottom level of dry well.
Painting crew continued to pressure wash and clean areas in wet well.
Inspector met with WWTP Maintenance Chief, to go over equipment that is to be saved."	Gregory Mullenski
2015/04/01	86 /sunny	Jeff Jiang	"TLC: No apparent personnel on site in am.  
Southland Painting: Crew on site, preparing lift station control room interior walls for painting.
Gilmore Electric: Installing coated rigid electrical conduit and pulling wiring to panels.
Pantropic rep on site reviewing and collecting data on the emergency transfer switch for upgrade."	Joseph Kalinowski
2015/04/02	86 /sunny	Jeff Jiang	"TLC: No apparent personnel on site in am.  
Southland Painting: Crew on site, preparing lift station control room interior walls for painting.
Gilmore Electric: Installing coated rigid seal offs to electrical panels."	Joseph Kalinowski
2015/04/06	86 /sunny	Jeff Jiang	"TLC: No apparent personnel on site in am.  
Southland Painting: Crew on site, painting control room interior walls.
Gilmore Electric: No apparent personnel on site in am.  
Note: Station on by-pass pumping."	Joseph Kalinowski
2015/04/07	86 /sunny	Jeff Jiang	"TLC: No apparent personnel on site in am.  
Southland Painting: Crew on site, painting control room interior walls.
Gilmore Electric: Terminating control wiring in electrical panel.  
Note: Station on by-pass pumping."	Joseph Kalinowski
2015/04/08	86 /sunny	Jeff Jiang	"TLC: No apparent personnel on site in am.  
Southland Painting: Crew on site, painting control room interior walls.
Gilmore Electric: Terminating control wiring in electrical panel.  
Note: Station on by-pass pumping."	Joseph Kalinowski
2015/04/09	86 /sunny	Jeff Jiang	"TLC: No apparent personnel on site.  
Southland Painting: No apparent personnel on site.
Gilmore Electric: Terminating control and power wiring in electrical & RTU panel.
ASCO technician on site Tuesday & Wednesday completed component change inside transfer switch and restored power to lift station.
Startup testing scheduled for Tuesday 4-14-15.
Note: Station on by-pass pumping.
See Photos in the H:\Project Files\8052\2.2A\Folder"	Joseph Kalinowski
2015/04/10	86 /sunny	Jeff Jiang	"TLC: Working on punch list patching holes, site cleanup etc…  
Southland Painting: No apparent personnel on site.
Gilmore Electric: Terminating control and power wiring in electrical & RTU panel.
Pantropic & CC Controls on site performing preliminary check outs for proposed start up.
Note: Station on by-pass pumping.
See Photos in the H:\Project Files\8052\2.2A\Folder"	Joseph Kalinowski
2015/04/13	86 /sunny	Jeff Jiang	"TLC: No apparent personnel on site.
Southland Painting: Prep work on floor in dry & wet well for proposed coatings.
Gilmore Electric: Terminating control and power wiring in electrical & RTU panel.
Note: Station on by-pass pumping.
See Photos in the H:\Project Files\8052\2.2A\Folder"	Joseph Kalinowski
2015/04/14	86 /sunny	Jeff Jiang	"TLC: Punch list work patching holes and grinding down floor below pump suction pipe for coatings.
Southland Painting: No apparent personnel on site.
Gilmore Electric: Terminating control and power wiring in electrical & RTU panel.
Pantropic mechanic on site changing oils and performing service on existing generator.
Note: Station on by-pass pumping.
See Photos in the H:\Project Files\8052\2.2A\Folder"	Joseph Kalinowski
2015/04/15	86 /sunny	Jeff Jiang	"TLC: No apparent personnel on site.
Southland Painting: Prep and coating floors inside dry & wet well.
Gilmore Electric: No apparent personnel on site.
Pantropic mechanic on site changing oils and performing service on existing generator.
Note: Station on by-pass pumping.
See Photos in the H:\Project Files\8052\2.2A\Folder"	Joseph Kalinowski
2015/04/16	86 /sunny	Jeff Jiang	"TLC: No apparent personnel on site.
Southland Painting: Began and completed applying first coat tan epoxy coating on floors inside dry & wet well.
Gilmore Electric: No apparent personnel on site.
Note: Station on by-pass pumping.
See Photos in the H:\Project Files\8052\2.2A\Folder"	Joseph Kalinowski
2015/04/17	86 /sunny	Jeff Jiang	"TLC: Performing punch list patching holes etc…
Southland Painting: Began second coat of red epoxy coating on floors inside dry & wet well.
Gilmore Electric: No apparent personnel on site.
Note: Station on by-pass pumping.
See Photos in the H:\Project Files\8052\2.2A\Folder"	Joseph Kalinowski
2015/04/20	86 /sunny	Jeff Jiang	"TLC: No apparent personnel on site.
Southland Painting: No apparent personnel on site.
Gilmore Electric: No apparent personnel on site.
Note: Station on by-pass pumping.
See Photos in the H:\Project Files\8052\2.2A\Folder"	Joseph Kalinowski
2015/04/21	86 /sunny	Jeff Jiang	"TLC: No apparent personnel on site.
Southland Painting: No apparent personnel on site.
Gilmore Electric: No apparent personnel on site.
Note: Station on by-pass pumping.
See Photos in the H:\Project Files\8052\2.2A\Folder"	Joseph Kalinowski
2015/04/22	86 /sunny	Jeff Jiang	"TLC: No apparent personnel on site.
Southland Painting: No apparent personnel on site.
Gilmore Electric: No apparent personnel on site.
Note: Station on by-pass pumping.
See Photos in the H:\Project Files\8052\2.2A\Folder"	Joseph Kalinowski
2015/04/23	86 /sunny	Jeff Jiang	"TLC: No apparent personnel on site.
Southland Painting: No apparent personnel on site.
Gilmore Electric: No apparent personnel on site.
Construction work substantially complete. Startup, testing, by-pass removal and punch list work pending.
Note: Station on by-pass pumping.
See Photos in the H:\Project Files\8052\2.2A\Folder"	Joseph Kalinowski
2015/04/24	86 /sunny	Jeff Jiang	"TLC: On site meeting with sub for generator load testing.
Southland Painting: No apparent personnel on site.
Gilmore Electric: No apparent personnel on site.
Construction work substantially complete. Startup, testing, by-pass removal and punch list work pending.
Note: Station on by-pass pumping.
See Photos in the H:\Project Files\8052\2.2A\Folder"	Joseph Kalinowski
2015/04/28	86 /sunny	Jeff Jiang	"TLC: No apparent personal on site.
Southland Painting: No apparent personnel on site.
Gilmore Electric: No apparent personnel on site.
Construction work substantially complete. Startup, testing, by-pass removal and punch list work pending.
Note: Station on by-pass pumping.
See Photos in the H:\Project Files\8052\2.2A\Folder"	Joseph Kalinowski
2015/04/29	86 /sunny	Jeff Jiang	"TLC: No apparent personal on site.
Southland Painting: No apparent personnel on site.
Gilmore Electric: No apparent personnel on site.
Construction work substantially complete. Startup, testing, by-pass removal and punch list work pending.
Note: Station on by-pass pumping.
See Photos in the H:\Project Files\8052\2.2A\Folder"	Joseph Kalinowski
2015/04/30	86 /sunny	Jeff Jiang	"TLC: No apparent personal on site.
Southland Painting: No apparent personnel on site.
Gilmore Electric: No apparent personnel on site.
Construction work substantially complete. Startup, testing, by-pass removal and punch list work pending.
Note: Station on by-pass pumping.
See Photos in the H:\Project Files\8052\2.2A\Folder"	Joseph Kalinowski
2015/02/02	74 /sunny	Jeff Jiang	"TLC: Crew on site,  Installed flag pole
Southland Painting: Crew on site, chipping and removing concrete and exposing rebar in wet well.
Gilmore electric: No apparent personnel on site."	Gregory Mullenski
2015/02/20	74 /sunny	Jeff Jiang	"TLC: Foreman on site overseeing sub-contractors.  
Southland Painting: Fastening new rebar to existing wall inside wet well.
Gilmore electric: Crew on site, working on wiring for the interior light fixtures."	Joseph Kalinowski
2015/02/23	78 /sunny	Jeff Jiang	"TLC: Not on site.  
Southland Painting: Fastening new rebar to existing wall inside wet well.
Gilmore electric: Pulling electrical wiring for upgrade replacement."	Joseph Kalinowski
2015/02/24	78 /sunny	Jeff Jiang	"TLC: Not on site.  
Southland Painting: Chipping sprawled concrete and fastening new rebar to existing wall inside wet well.
Gilmore electric: Pulling proposed upgraded electrical wiring to generator and panels."	Joseph Kalinowski
2015/02/26	78 /sunny	Jeff Jiang	"TLC: Foreman on site overseeing and assisting sub-contractors work.  
Southland Painting: Spraying cement epoxy on walls inside pump room.
Gilmore electric: Pulling proposed upgraded electrical wiring to generator and panels."	Joseph Kalinowski
2015/02/27	78 /sunny	Jeff Jiang	"TLC: Foreman on site overseeing and assisting sub-contractors work.  
Southland Painting: Spraying cement epoxy on walls inside pump room.
Gilmore electric: Pulling proposed upgraded electrical wiring to generator and panels."	Joseph Kalinowski
2015/02/04	74 /sunny	Jeff Jiang	"TLC: Did not locate crew  
Southland Painting: Crew on site,  crew continued chipping and removing concrete and exposing rebar in wet well.
Gilmore electric: No apparent personnel on site."	Gregory Mullenski
2015/02/06	74 /sunny	Jeff Jiang	"TLC: No apparent personnel on site.  
Southland Painting: Crew on site, Blasting and epoxy coating rebar in wet well.
Gilmore electric: Crew on site, working on 4080 amp up grade in meter supply can."	Gregory Mullenski
2015/01/12	74 /sunny	Jeff Jiang	"TLC: Crew on site, stripped concrete forms for pipe support pedestal. Crew also started to form up slab for top floor.
Southland Painting: Crew on site, crew continued to chip out old concrete in bottom of wet  well.
Gilmore electric: crew on site, crew continued to install conduit on the outside of building to electrical box."	Gregory Mullenski
2015/01/13	74 /sunny	Jeff Jiang	"TLC: Crew on site, setting up scaffold to chip concrete  around piping on first floor.
Southland Painting: Crew on site, crew continued to chip out old concrete in bottom of wet  well and coat rebar to prep for wall Mortar.
Gilmore electric: crew on site, crew continued to install conduit on the outside of building to electrical box and install meter box on south side wall."	Gregory Mullenski
2015/01/14	74 /sunny	Jeff Jiang	"TLC: Crew on site, crew continued to chip concrete  around piping on first floor prep for concrete, and form around bottom pump base for concrete.
Southland Painting: Crew on site, crew continued to chip out old concrete in bottom of wet  well and coat rebar to prep for wall Mortar.
Gilmore electric: crew on site, crew continued to install conduit on the outside of building to electrical box and install meter box on south side wall."	Gregory Mullenski
2015/01/15	74 /sunny	Jeff Jiang	"TLC: Crew on site, Crew formed up bottom of top floor to prep for concrete install.
Southland Painting: Crew on site, crew continued to chip out old concrete in bottom of wet  well and coat rebar to prep for wall Mortar.
Gilmore electric: crew on site, crew continued to install conduit on the outside of building to electrical box and install meter box on south side wall."	Gregory Mullenski
2015/01/16	74 /sunny	Jeff Jiang	"TLC: Crew on site, Crew continued to form up bottom of top floor to prep for concrete install.
Southland Painting: Crew on site, crew continued to chip out old concrete in bottom of wet  well and coat rebar to prep for wall Mortar.
Gilmore electric: crew on site, crew continued to install conduit on the outside of building to electrical box and install meter box on south side wall."	Gregory Mullenski
2015/01/20	74 /sunny	Jeff Jiang	"TLC: Crew on site, crew poured/ install concrete in formed areas around piping on bottom and top floor.
Nutting Engineering on site to take cylinder test.
Southland Painting: Crew on site, crew continued to chip out old concrete in bottom of wet  well and coat rebar to prep for wall Mortar.
Gilmore electric: crew on site, crew continued to install conduit on the outside of building to electrical box and install meter box on south side wall."	Gregory Mullenski
2015/01/21	74 /sunny	Jeff Jiang	"TLC: Crew on site, stripped concrete forms around piping, and cleaned out concrete debri in dry well.
Southland Painting: Crew on site, crew continued to chip out old concrete in bottom of wet  well and coat rebar to prep for wall Mortar.
Gilmore electric: crew on site, crew continued to install conduit on the outside of building to electrical box and install meter box on south side wall."	Gregory Mullenski
2015/01/23	74 /sunny	Jeff Jiang	"TLC: Crew on site, continued to strip concrete forms around piping, and cleaned out concrete debri in dry well.
Southland Painting: Crew on site, crew continued to chip out old concrete in bottom of wet  well and coat rebar to prep for wall Mortar.
Gilmore electric: crew on site, installing and connecting electrical boxes on main floor"	Gregory Mullenski
2015/01/26	74 /sunny	Jeff Jiang	"TLC: No apparent personnel on site.
Southland Painting: Crew on site, crew continued to chip out old concrete in bottom of wet  well and coat rebar to prep for wall Mortar.
Gilmore electric: crew on site, installing and connecting electrical boxes on main floor"	Gregory Mullenski
2015/01/28	74 /sunny	Jeff Jiang	"TLC: No apparent personnel on site.
Southland Painting: Crew on site, crew continued to chip out old concrete in bottom of wet  well and coat rebar to prep for wall Mortar.
Gilmore electric: crew on site, installing and connecting electrical boxes on main floor"	Gregory Mullenski
2015/01/30	74 /sunny	Jeff Jiang	"TLC: Crew on site cleaning up job site and storm drain catch basin.
Southland Painting: Crew left before Inspector arrived on site
Gilmore electric: No apparent personnel on site."	Gregory Mullenski
2015/01/05	84 /sunny	Jeff Jiang	"TLC: Crew on site, completing  concrete forms for outside discharge pipe support. Concrete pour scheduled 1-6-15.
Inspector called nutting engineering in for cylinder test 10:30 A.M.
Southland Painting: Crew on site, chipping out old concrete in dry well
Gilmore electric: crew on site,  continued to install electrical supply boxes and conduit. “ first floor”"	Gregory Mullenski
2015/01/06	84 /sunny	Jeff Jiang	"TLC: Crew on site, pouring concrete for pipe support pedestals in dry well and back of pump station.
Southland Painting: Crew on site, chipping out old concrete in dry well
Gilmore electric: crew on site,  continued to install electrical supply boxes and conduit. “ first floor”"	Gregory Mullenski
2015/01/08	74 /sunny	Jeff Jiang	"TLC: Crew on site, stripped concrete forms for pipe support pedestal. Crew also started to  core drill through wet well wall. And clean out concrete from wet well bottom level.
Southland Painting: Crew on site, chipping out old concrete in bottom of wet  well.
Gilmore electric: crew on site,  continued to install electrical supply boxes and conduit. “ first floor”"	Gregory Mullenski
2015/01/09	74 /sunny	Jeff Jiang	"TLC: Crew on site, stripped concrete forms for pipe support pedestal. Crew also continued to core drill wall in wet well to dry well
Southland Painting: Crew on site, crew continued to chip out old concrete in bottom of wet  well.
Gilmore electric: crew on site, crew continued to install conduit in  building to electrical box."	Gregory Mullenski
2015/03/02	78 /sunny	Jeff Jiang	"TLC: Foreman on site overseeing and assisting sub-contractors work.  
Southland Painting: Spraying cement epoxy on walls inside pump room.
Gilmore electric: Pulling and terminating proposed upgraded electrical wiring to generator and panels."	Joseph Kalinowski
2015/03/03	78 /sunny	Jeff Jiang	"TLC: No apparent personnel on site.  
Southland Painting: Spraying cement silicate on walls inside pump room.
Note: Inspector verified with coating contractor that all third party NACE inspections for substrate, rebar, cement and final epoxy are being scheduled as per contract specifications. Carlos from Southland said they were complying. 
Gilmore electric: Pulling and terminating proposed upgraded electrical wiring to generator and panels."	Joseph Kalinowski
2015/03/04	78 /sunny	Jeff Jiang	"TLC: No apparent personnel on site.  
Southland Painting: Spraying cement silicate on walls inside pump room. 
Gilmore electric: Pulling and terminating proposed upgraded electrical wiring to generator and panels."	Joseph Kalinowski
2015/03/05	78 /sunny	Jeff Jiang	"TLC: No apparent personnel on site.  
Southland Painting: Spraying and hand trowel mortar tec silicate and part a & b Ceramico over silicate on walls inside pump room.
Note: Again inspector notified Southland contractor to follow all rehab coating contact specs in accordance with NACE inspection requirements etc… 
Gilmore electric: Pulling and terminating proposed upgraded electrical wiring to generator and panels."	Joseph Kalinowski
2015/03/06	78 /sunny	Jeff Jiang	"TLC: No apparent personnel on site.  
Southland Painting: Spraying and hand trowel mortar tec silicate and part a & b Ceramico over silicate on walls inside pump room. 
Note: Inspector notified Southland contractor to follow all rehab coating contact specs in accordance with NACE inspection requirements etc… 
Gilmore electric: Pulling and terminating proposed upgraded electrical wiring to generator and panels."	Joseph Kalinowski
2015/03/09	78 /sunny	Jeff Jiang	"TLC: No apparent personnel on site.  
Southland Painting: Spraying and hand trowel mortar tec silicate on walls inside wet well.  
Nace inspector performed inspection on ceramico coatings in the pump room and on substrate for proposed coatings in the wet well.
Gilmore electric: Pulling and terminating proposed upgraded electrical wiring to generator and panels."	Joseph Kalinowski
2015/03/10	78 /sunny	Jeff Jiang	"TLC: GC on site overseeing sub-contractors.  
Southland Painting: Spraying and hand trowel mortar tec silicate on walls inside wet well.  
Pressure washing walls in dry well for proposed final epoxy coating.
Gilmore electric: Pulling and terminating proposed upgraded electrical wiring to generator and panels."	Joseph Kalinowski
2015/03/11	78 /sunny	Jeff Jiang	"TLC: No apparent personnel on site.  
Southland Painting: Hand trowel Uroflex epoxy tan first coat on walls inside dry well.  
Gilmore electric: Pulling and terminating proposed upgraded electrical wiring to generator and panels."	Joseph Kalinowski
2015/03/12	78 /sunny	Jeff Jiang	"TLC: On site overseeing sub-contractors work.  
Southland Painting: Rolling Uroflex epoxy red second coat on walls inside dry well. Applying mortar tec silicate on ceiling inside wet well. 
Gilmore electric: Pulling and terminating proposed upgraded electrical wiring to generator and panels."	Joseph Kalinowski
2015/03/13	78 /sunny	Jeff Jiang	"TLC: On site overseeing sub-contractors work.  
Southland Painting: Rolling Uroflex epoxy red second coat on walls inside dry well. Applying mortar tec silicate on ceiling inside wet well. 
Gilmore electric: Pulling and terminating proposed upgraded electrical wiring to generator and panels."	Joseph Kalinowski
2015/03/16	78 /sunny	Jeff Jiang	"TLC: No apparent personnel on site.  
Southland Painting: Rolling Uroflex epoxy red second coat on walls inside dry well. Applying mortar tec silicate on ceiling inside wet well. 
Gilmore electric: Pulling and terminating proposed upgraded electrical wiring to generator and panels."	Joseph Kalinowski
2015/03/17	78 /sunny	Jeff Jiang	"TLC: No apparent personnel on site.  
Southland Painting: Rolling Uroflex epoxy red second coat on walls inside dry well. Applying part a & b Ceramico over silicate on walls inside wet well. 
Gilmore electric: Pulling and terminating proposed upgraded electrical wiring to generator and panels."	Joseph Kalinowski
2015/03/18	86 /sunny	Jeff Jiang	"TLC: Setting pumps in the dry well.  
Southland Painting: Rolling Uroflex epoxy red second coat on walls inside dry well. Applying part a & b Ceramico over silicate on walls inside wet well. 
Gilmore electric: Pulling and terminating proposed upgraded electrical wiring to generator and panels."	Joseph Kalinowski
2015/03/19	86 /sunny	Jeff Jiang	"TLC: No apparent personnel on site in am.  
Southland Painting: Rolling Uroflex epoxy red second coat on walls inside dry well. Applying part a & b Ceramico over silicate on walls inside wet well. 
Gilmore electric: Pulling and terminating proposed upgraded electrical wiring to generator and panels."	Joseph Kalinowski
2015/03/24	86 /sunny	Jeff Jiang	"TLC: No apparent personnel on site in am.  
Southland Painting: Crew on site, pressure washing top floor, to prep for painting.
Gilmore electric: crew not site at 2:00, electrical inspections passed by building dept."	Joseph Kalinowski/ Gregory Mullenski
2015/03/30	86 /sunny	Jeff Jiang	"TLC: No apparent personnel on site in am.  
Southland Painting: Crew on site, painting piping and valves.
Gilmore Electric: Installing coated rigid electrical conduit and pulling wiring to the dank tank."	Joseph Kalinowski
2015/03/31	86 /sunny	Jeff Jiang	"TLC: No apparent personnel on site in am.  
Southland Painting: Crew on site, painting piping and valves, touchup on coating in dry and wet well and site cleanup. NACE inspector on site yesterday performing final spark test on coatings.
Gilmore Electric: Installing coated rigid electrical conduit and pulling wiring to the dank tank."	Joseph Kalinowski
2015/05/01	86 /sunny	Jeff Jiang	"TLC: No apparent personal on site.
Southland Painting: No apparent personnel on site.
Gilmore Electric: No apparent personnel on site.
Construction work substantially complete. Startup, testing, by-pass removal and punch list work pending.
Note: Station on by-pass pumping.
See Photos in the H:\Project Files\8052\2.2A\Folder"	Joseph Kalinowski
2015/05/04	86 /sunny	Jeff Jiang	"TLC: No apparent personal on site.
Southland Painting: No apparent personnel on site.
Gilmore Electric: Scheduled to meet today with COH and Engineer of record to discuss electrical punch list responsibilities.
Construction work substantially complete. Startup, testing, by-pass removal and punch list work pending.
Note: Station on by-pass pumping.
See Photos in the H:\Project Files\8052\2.2A\Folder"	Joseph Kalinowski
2015/05/06	86 /sunny	Jeff Jiang	"TLC: No apparent personal on site.
Southland Painting: No apparent personnel on site.
Gilmore Electric: On site working on electrical punch list items throughout.
Construction work substantially complete. Startup, testing, by-pass removal and punch list work pending.
Note: Station on by-pass pumping.
See Photos in the H:\Project Files\8052\2.2A\Folder"	Joseph Kalinowski
2015/05/07	86 /sunny	Jeff Jiang	"TLC: No apparent personal on site.
Southland Painting: No apparent personnel on site.
Gilmore Electric: On site working on electrical punch list items throughout.
Construction work substantially complete. Startup, testing, by-pass removal and punch list work pending.
Note: Station on by-pass pumping.
See Photos in the H:\Project Files\8052\2.2A\Folder"	Joseph Kalinowski
2015/05/08	86 /sunny	Jeff Jiang	"TLC: On site conducting lift station start up.
Gilmore Electric: On site for lift station startup.
CC Controls: On site for lift station start up.
Flyght: On site for lift station startup.Initial start up the impeller set to low and was adjusted by pump mechanic from flight.
Note: Unable to complete startup due to failure with the emergency generator transfer switch.
Construction work substantially complete. Startup, testing, by-pass removal and punch list work pending.
Note: Station on by-pass pumping.
See Photos in the H:\Project Files\8052\2.2A\Folder"	Joseph Kalinowski
2015/05/11	86 /sunny	Jeff Jiang	"TLC: On site meeting with TASC swapping starter part in emergency transfer switch for generator.
Gilmore Electric: On site setting floats in wet well.
Construction work substantially complete. Startup, testing, by-pass removal and punch list work pending.
Note: Station on by-pass pumping.
See Photos in the H:\Project Files\8052\2.2A\Folder"	Joseph Kalinowski
2015/05/12	86 /sunny	Jeff Jiang	"TLC: No apparent activity or personnel on site.
Gilmore Electric: No apparent activity or personnel on site.
Construction work substantially complete. Startup, testing, by-pass removal and punch list work pending.
Note: Station on by-pass pumping.
See Photos in the H:\Project Files\8052\2.2A\Folder"	Joseph Kalinowski
2015/05/13	86 /sunny	Jeff Jiang	"TLC: No apparent activity or personnel on site.
Gilmore Electric: No apparent activity or personnel on site.
Construction work substantially complete. Startup, testing, by-pass removal and punch list work pending.
Note: Station on by-pass pumping.
See Photos in the H:\Project Files\8052\2.2A\Folder"	Joseph Kalinowski
2015/05/14	86 /sunny	Jeff Jiang	"TLC: On site in am for generator manual transfer test.
Gilmore Electric: On site in am for generator manual transfer test.
Note: Transfer test and communication to scada test failed.
CC Controls & ASCO: On site from 3:00pm until 5:00pm. Switched control wiring in the RTU and generator transfer panel and corrected the automatic transfer switch and communication issues. Station is now switching automatically on power failure and sending alarm to scada.
Construction work substantially complete. Startup, testing, by-pass removal and punch list work pending.
Note: Station on by-pass pumping.
See Photos in the H:\Project Files\8052\2.2A\Folder"	Joseph Kalinowski
2015/05/15	86 /sunny	Jeff Jiang	"TLC: On site in afternoon for generator manual transfer and pump remote test.
Gilmore Electric: Not on site.
Note: Transfer and pump test passed but the ultrasonic sensor test failed and station remained on bypass throughout weekend under contractor’s control. Final testing to resume next week.
CC Controls & ASCO: On site in afternoon for testing. During testing it was discovered that a communication era continued to the scada. The radio antenna connection was sealed with black tape with moisture inside. The antenna was replaced, the connection was dried and a rubber shrink wrap moisture protector was placed over the connection. This resolved the communication era.
Construction work substantially complete. Startup, testing, by-pass removal and punch list work pending.
Note: Station on by-pass pumping.
See Photos in the H:\Project Files\8052\2.2A\Folder"	Joseph Kalinowski
2015/05/19	86 /sunny	Jeff Jiang	"TLC: On site demobilizing equipment and general site cleanup. Sub-contractor Thompson Pumps on site demobilizing by-pass pumps.
Gilmore Electric: Not on site.
CC Controls & ASCO: Not on site.
Construction work substantially complete. 
This is the field inspector’s final report. See pending punch list work and Building permit for closure.
See Photos in the H:\Project Files\8052\2.2A\Folder"	Joseph Kalinowski
